{
    "images": [
        {
            "height": 600,
            "width": 800,
            "id": 1,
            "file_name": "/content/training/24.jpg"
        },
        {
            "height": 600,
            "width": 800,
            "id": 2,
            "file_name": "/content/training/6.jpg"
        },
        {
            "height": 600,
            "width": 800,
            "id": 3,
            "file_name": "/content/training/21.jpg"
        },
        {
            "height": 600,
            "width": 800,
            "id": 4,
            "file_name": "/content/training/33.jpg"
        },
        {
            "height": 600,
            "width": 800,
            "id": 5,
            "file_name": "/content/training/19.jpg"
        },
        {
            "height": 600,
            "width": 800,
            "id": 6,
            "file_name": "/content/training/9.jpg"
        },
        {
            "height": 600,
            "width": 800,
            "id": 7,
            "file_name": "/content/training/13.jpg"
        },
        {
            "height": 600,
            "width": 800,
            "id": 8,
            "file_name": "/content/training/12.jpg"
        },
        {
            "height": 600,
            "width": 800,
            "id": 9,
            "file_name": "/content/training/22.jpg"
        },
        {
            "height": 600,
            "width": 800,
            "id": 10,
            "file_name": "/content/training/11.jpg"
        },
        {
            "height": 600,
            "width": 800,
            "id": 11,
            "file_name": "/content/training/26.jpg"
        },
        {
            "height": 600,
            "width": 800,
            "id": 12,
            "file_name": "/content/training/5.jpg"
        },
        {
            "height": 600,
            "width": 800,
            "id": 13,
            "file_name": "/content/training/20.jpg"
        },
        {
            "height": 600,
            "width": 800,
            "id": 14,
            "file_name": "/content/training/30.JPG"
        },
        {
            "height": 600,
            "width": 800,
            "id": 15,
            "file_name": "/content/training/17.jpg"
        },
        {
            "height": 600,
            "width": 800,
            "id": 16,
            "file_name": "/content/training/25.JPG"
        },
        {
            "height": 600,
            "width": 800,
            "id": 17,
            "file_name": "/content/training/7.jpg"
        },
        {
            "height": 600,
            "width": 800,
            "id": 18,
            "file_name": "/content/training/8.jpg"
        },
        {
            "height": 600,
            "width": 800,
            "id": 19,
            "file_name": "/content/training/16.jpg"
        },
        {
            "height": 600,
            "width": 800,
            "id": 20,
            "file_name": "/content/training/3.jpg"
        },
        {
            "height": 600,
            "width": 800,
            "id": 21,
            "file_name": "/content/training/18.jpg"
        },
        {
            "height": 600,
            "width": 800,
            "id": 22,
            "file_name": "/content/training/32.jpg"
        },
        {
            "height": 600,
            "width": 800,
            "id": 23,
            "file_name": "/content/training/28.jpg"
        },
        {
            "height": 600,
            "width": 800,
            "id": 24,
            "file_name": "/content/training/1.jpg"
        },
        {
            "height": 600,
            "width": 800,
            "id": 25,
            "file_name": "/content/training/29.jpg"
        },
        {
            "height": 600,
            "width": 800,
            "id": 26,
            "file_name": "/content/training/10.jpg"
        },
        {
            "height": 600,
            "width": 800,
            "id": 27,
            "file_name": "/content/training/15.jpg"
        },
        {
            "height": 600,
            "width": 800,
            "id": 28,
            "file_name": "/content/training/2.jpg"
        },
        {
            "height": 600,
            "width": 800,
            "id": 29,
            "file_name": "/content/training/23.jpg"
        },
        {
            "height": 600,
            "width": 800,
            "id": 30,
            "file_name": "/content/training/31.jpg"
        },
        {
            "height": 600,
            "width": 800,
            "id": 31,
            "file_name": "/content/training/14.jpg"
        },
        {
            "height": 600,
            "width": 800,
            "id": 32,
            "file_name": "/content/training/27.jpg"
        },
        {
            "height": 600,
            "width": 800,
            "id": 33,
            "file_name": "/content/training/4.jpg"
        }
    ],
    "categories": [
        {
            "supercategory": "stairs",
            "id": 1,
            "name": "stairs"
        }
    ],
    "annotations": [
        {
            "iscrowd": 0,
            "image_id": 1,
            "bbox": [
                149.0,
                423.0,
                506.0,
                127.0
            ],
            "segmentation": [
                [
                    261.3924050632911,
                    423.4177215189873,
                    520.8860759493671,
                    425.9493670886076,
                    527.2151898734177,
                    437.9746835443038,
                    546.2025316455696,
                    437.9746835443038,
                    552.5316455696202,
                    447.46835443037975,
                    553.7974683544304,
                    463.2911392405063,
                    559.493670886076,
                    463.2911392405063,
                    563.2911392405063,
                    477.2151898734177,
                    568.9873417721519,
                    481.6455696202531,
                    568.9873417721519,
                    493.0379746835443,
                    574.0506329113924,
                    496.2025316455696,
                    577.8481012658227,
                    508.86075949367086,
                    585.4430379746835,
                    513.9240506329114,
                    586.0759493670886,
                    525.9493670886076,
                    641.7721518987341,
                    529.1139240506329,
                    653.7974683544303,
                    531.6455696202531,
                    655.0632911392405,
                    548.1012658227847,
                    149.36708860759492,
                    550.0,
                    153.1645569620253,
                    531.6455696202531,
                    213.92405063291136,
                    526.5822784810126,
                    222.15189873417722,
                    510.75949367088606,
                    223.41772151898732,
                    491.77215189873414,
                    232.91139240506328,
                    481.0126582278481,
                    234.17721518987338,
                    473.4177215189873,
                    237.9746835443038,
                    462.02531645569616,
                    246.83544303797464,
                    450.0,
                    256.3291139240506,
                    436.70886075949363
                ]
            ],
            "category_id": 1,
            "id": 1,
            "area": 480000
        },
        {
            "iscrowd": 0,
            "image_id": 2,
            "bbox": [
                184.0,
                308.0,
                443.0,
                235.0
            ],
            "segmentation": [
                [
                    279.1139240506329,
                    308.2278481012658,
                    236.07594936708858,
                    388.60759493670884,
                    241.1392405063291,
                    441.77215189873414,
                    208.86075949367086,
                    443.0379746835443,
                    184.17721518987338,
                    455.69620253164555,
                    186.70886075949363,
                    460.75949367088606,
                    189.873417721519,
                    524.0506329113924,
                    242.40506329113924,
                    539.2405063291139,
                    268.98734177215186,
                    528.4810126582278,
                    543.0379746835442,
                    532.9113924050632,
                    557.5949367088607,
                    543.6708860759494,
                    620.8860759493671,
                    531.6455696202531,
                    622.1518987341772,
                    466.4556962025316,
                    627.2151898734177,
                    465.1898734177215,
                    607.5949367088607,
                    450.0,
                    591.1392405063291,
                    450.0,
                    577.8481012658227,
                    409.4936708860759,
                    579.746835443038,
                    392.40506329113924,
                    558.2278481012657,
                    308.86075949367086,
                    551.2658227848101,
                    311.3924050632911,
                    547.4683544303797,
                    410.126582278481,
                    287.9746835443038,
                    406.3291139240506,
                    285.44303797468353,
                    309.49367088607596
                ]
            ],
            "category_id": 1,
            "id": 2,
            "area": 480000
        },
        {
            "iscrowd": 0,
            "image_id": 3,
            "bbox": [
                125.0,
                425.0,
                131.0,
                126.0
            ],
            "segmentation": [
                [
                    150.0,
                    425.9493670886076,
                    152.53164556962025,
                    481.0126582278481,
                    238.60759493670884,
                    481.6455696202531,
                    250.0,
                    427.8481012658228,
                    254.4303797468354,
                    427.8481012658228,
                    256.3291139240506,
                    489.2405063291139,
                    246.2025316455696,
                    551.8987341772151,
                    125.31645569620252,
                    539.873417721519,
                    127.84810126582278,
                    466.4556962025316,
                    134.1772151898734,
                    465.82278481012656,
                    142.40506329113924,
                    425.3164556962025
                ]
            ],
            "category_id": 1,
            "id": 3,
            "area": 480000
        },
        {
            "iscrowd": 0,
            "image_id": 4,
            "bbox": [
                186.0,
                351.0,
                112.0,
                124.0
            ],
            "segmentation": [
                [
                    290.50632911392404,
                    413.2911392405063,
                    292.40506329113924,
                    364.55696202531647,
                    298.1012658227848,
                    352.53164556962025,
                    294.3037974683544,
                    351.89873417721515,
                    247.46835443037975,
                    396.2025316455696,
                    250.0,
                    400.0,
                    258.86075949367086,
                    391.77215189873414,
                    258.86075949367086,
                    413.2911392405063,
                    235.44303797468353,
                    412.65822784810126,
                    236.70886075949363,
                    368.3544303797468,
                    242.40506329113924,
                    358.86075949367086,
                    241.77215189873414,
                    355.0632911392405,
                    187.34177215189874,
                    397.46835443037975,
                    190.50632911392404,
                    401.2658227848101,
                    203.79746835443035,
                    391.77215189873414,
                    198.73417721518985,
                    452.53164556962025,
                    186.70886075949363,
                    457.59493670886076,
                    187.9746835443038,
                    468.3544303797468,
                    241.1392405063291,
                    475.3164556962025,
                    262.0253164556962,
                    462.02531645569616,
                    291.77215189873414,
                    427.2151898734177
                ]
            ],
            "category_id": 1,
            "id": 4,
            "area": 480000
        },
        {
            "iscrowd": 0,
            "image_id": 5,
            "bbox": [
                358.0,
                494.0,
                176.0,
                78.0
            ],
            "segmentation": [
                [
                    364.5569620253164,
                    496.83544303797464,
                    503.7974683544304,
                    494.9367088607595,
                    506.3291139240506,
                    510.126582278481,
                    534.8101265822785,
                    511.3924050632911,
                    530.379746835443,
                    527.2151898734177,
                    524.0506329113924,
                    546.8354430379746,
                    525.9493670886076,
                    564.5569620253165,
                    358.2278481012658,
                    572.1518987341772,
                    363.2911392405063,
                    548.7341772151899,
                    367.08860759493666,
                    529.1139240506329,
                    360.75949367088606,
                    522.7848101265822,
                    370.88607594936707,
                    517.0886075949367
                ]
            ],
            "category_id": 1,
            "id": 5,
            "area": 480000
        },
        {
            "iscrowd": 0,
            "image_id": 6,
            "bbox": [
                90.0,
                248.0,
                549.0,
                350.0
            ],
            "segmentation": [
                [
                    127.84810126582278,
                    249.36708860759492,
                    90.50632911392404,
                    398.1012658227848,
                    112.65822784810126,
                    406.3291139240506,
                    113.92405063291139,
                    452.53164556962025,
                    116.45569620253164,
                    440.50632911392404,
                    136.07594936708858,
                    444.9367088607595,
                    137.9746835443038,
                    438.60759493670884,
                    147.46835443037975,
                    445.56962025316454,
                    156.3291139240506,
                    443.0379746835443,
                    151.89873417721518,
                    450.0,
                    145.56962025316454,
                    460.75949367088606,
                    158.2278481012658,
                    463.92405063291136,
                    141.77215189873417,
                    468.98734177215186,
                    136.70886075949366,
                    479.1139240506329,
                    158.86075949367086,
                    489.2405063291139,
                    162.65822784810126,
                    497.46835443037975,
                    166.4556962025316,
                    491.1392405063291,
                    169.62025316455697,
                    500.63291139240505,
                    179.74683544303798,
                    504.4303797468354,
                    163.2911392405063,
                    509.4936708860759,
                    172.78481012658227,
                    525.3164556962025,
                    172.78481012658227,
                    539.873417721519,
                    183.54430379746833,
                    552.5316455696202,
                    182.91139240506328,
                    565.1898734177215,
                    166.4556962025316,
                    575.3164556962025,
                    163.2911392405063,
                    598.7341772151899,
                    498.7341772151899,
                    596.8354430379746,
                    501.89873417721515,
                    589.2405063291139,
                    518.3544303797468,
                    589.873417721519,
                    525.3164556962025,
                    583.5443037974683,
                    539.2405063291139,
                    579.1139240506329,
                    546.8354430379746,
                    571.5189873417721,
                    560.126582278481,
                    571.5189873417721,
                    549.367088607595,
                    546.2025316455696,
                    566.4556962025316,
                    570.253164556962,
                    568.3544303797468,
                    560.7594936708861,
                    583.5443037974683,
                    582.2784810126582,
                    605.0632911392405,
                    574.0506329113924,
                    632.9113924050632,
                    528.4810126582278,
                    639.2405063291139,
                    408.2278481012658,
                    619.620253164557,
                    400.63291139240505,
                    590.506329113924,
                    248.73417721518987,
                    577.8481012658227,
                    249.36708860759492,
                    578.4810126582278,
                    383.54430379746833,
                    134.81012658227846,
                    384.8101265822785,
                    137.3417721518987,
                    353.1645569620253,
                    134.81012658227846,
                    291.1392405063291,
                    141.13924050632912,
                    248.73417721518987
                ]
            ],
            "category_id": 1,
            "id": 6,
            "area": 480000
        },
        {
            "iscrowd": 0,
            "image_id": 7,
            "bbox": [
                36.0,
                393.0,
                405.0,
                195.0
            ],
            "segmentation": [
                [
                    77.84810126582278,
                    398.73417721518985,
                    72.78481012658227,
                    416.4556962025316,
                    64.55696202531644,
                    417.72151898734177,
                    60.12658227848101,
                    425.3164556962025,
                    63.92405063291139,
                    432.27848101265823,
                    65.18987341772151,
                    498.73417721518985,
                    54.43037974683543,
                    500.0,
                    46.83544303797467,
                    528.4810126582278,
                    44.936708860759495,
                    550.0,
                    36.70886075949366,
                    566.4556962025316,
                    38.607594936708864,
                    588.6075949367088,
                    437.97468354430373,
                    572.7848101265822,
                    441.77215189873414,
                    551.2658227848101,
                    421.5189873417721,
                    544.9367088607595,
                    418.35443037974676,
                    531.6455696202531,
                    418.9873417721519,
                    420.88607594936707,
                    396.2025316455696,
                    418.98734177215186,
                    382.27848101265823,
                    400.63291139240505,
                    368.3544303797468,
                    400.0,
                    368.3544303797468,
                    416.4556962025316,
                    374.05063291139237,
                    419.62025316455697,
                    377.8481012658228,
                    437.34177215189874,
                    355.0632911392405,
                    398.1012658227848,
                    346.83544303797464,
                    393.0379746835443,
                    346.2025316455696,
                    400.63291139240505,
                    372.7848101265823,
                    448.1012658227848,
                    379.1139240506329,
                    449.3670886075949,
                    377.8481012658228,
                    479.746835443038,
                    371.5189873417721,
                    479.1139240506329,
                    370.88607594936707,
                    493.67088607594934,
                    374.6835443037974,
                    497.46835443037975,
                    382.9113924050633,
                    512.0253164556962,
                    354.4303797468354,
                    511.3924050632911,
                    356.3291139240506,
                    494.9367088607595,
                    114.55696202531644,
                    498.73417721518985,
                    110.12658227848101,
                    517.7215189873417,
                    94.9367088607595,
                    520.8860759493671,
                    93.03797468354429,
                    395.56962025316454
                ]
            ],
            "category_id": 1,
            "id": 7,
            "area": 480000
        },
        {
            "iscrowd": 0,
            "image_id": 8,
            "bbox": [
                96.0,
                249.0,
                298.0,
                117.0
            ],
            "segmentation": [
                [
                    100.0,
                    250.0,
                    137.9746835443038,
                    262.65822784810126,
                    337.34177215189874,
                    249.36708860759492,
                    338.60759493670884,
                    265.1898734177215,
                    351.2658227848101,
                    267.0886075949367,
                    351.89873417721515,
                    283.54430379746833,
                    363.92405063291136,
                    285.44303797468353,
                    364.5569620253164,
                    301.8987341772152,
                    379.746835443038,
                    303.79746835443035,
                    379.746835443038,
                    322.1518987341772,
                    393.0379746835443,
                    324.05063291139237,
                    394.3037974683544,
                    341.77215189873414,
                    182.91139240506328,
                    366.4556962025316,
                    96.83544303797467,
                    314.55696202531647
                ]
            ],
            "category_id": 1,
            "id": 8,
            "area": 480000
        },
        {
            "iscrowd": 0,
            "image_id": 8,
            "bbox": [
                275.0,
                371.0,
                165.0,
                49.0
            ],
            "segmentation": [
                [
                    275.3164556962025,
                    391.1392405063291,
                    420.253164556962,
                    371.5189873417721,
                    438.6075949367089,
                    379.746835443038,
                    440.50632911392404,
                    398.73417721518985,
                    289.873417721519,
                    420.253164556962
                ]
            ],
            "category_id": 1,
            "id": 9,
            "area": 480000
        },
        {
            "iscrowd": 0,
            "image_id": 9,
            "bbox": [
                193.0,
                408.0,
                62.0,
                30.0
            ],
            "segmentation": [
                [
                    200.0,
                    410.126582278481,
                    239.873417721519,
                    408.86075949367086,
                    241.1392405063291,
                    417.0886075949367,
                    255.69620253164555,
                    417.0886075949367,
                    249.3670886075949,
                    429.1139240506329,
                    241.77215189873414,
                    433.54430379746833,
                    233.54430379746833,
                    433.54430379746833,
                    229.11392405063287,
                    437.9746835443038,
                    193.67088607594934,
                    438.60759493670884,
                    197.46835443037975,
                    428.4810126582278,
                    194.9367088607595,
                    427.2151898734177,
                    194.9367088607595,
                    416.4556962025316
                ]
            ],
            "category_id": 1,
            "id": 10,
            "area": 480000
        },
        {
            "iscrowd": 0,
            "image_id": 9,
            "bbox": [
                348.0,
                430.0,
                104.0,
                26.0
            ],
            "segmentation": [
                [
                    352.53164556962025,
                    431.6455696202531,
                    348.1012658227848,
                    441.77215189873414,
                    348.73417721518985,
                    455.0632911392405,
                    451.2658227848101,
                    456.96202531645565,
                    452.5316455696202,
                    443.0379746835443,
                    452.5316455696202,
                    430.37974683544303
                ]
            ],
            "category_id": 1,
            "id": 11,
            "area": 480000
        },
        {
            "iscrowd": 0,
            "image_id": 9,
            "bbox": [
                618.0,
                439.0,
                121.0,
                25.0
            ],
            "segmentation": [
                [
                    623.4177215189873,
                    443.0379746835443,
                    618.3544303797468,
                    450.0,
                    619.620253164557,
                    460.126582278481,
                    626.5822784810126,
                    462.65822784810126,
                    739.2405063291139,
                    464.5569620253164,
                    738.6075949367088,
                    455.0632911392405,
                    729.746835443038,
                    450.0,
                    729.1139240506328,
                    439.2405063291139
                ]
            ],
            "category_id": 1,
            "id": 12,
            "area": 480000
        },
        {
            "iscrowd": 0,
            "image_id": 10,
            "bbox": [
                32.0,
                306.0,
                468.0,
                240.0
            ],
            "segmentation": [
                [
                    74.68354430379745,
                    313.92405063291136,
                    32.91139240506328,
                    421.5189873417721,
                    36.07594936708861,
                    546.8354430379746,
                    500.0,
                    525.3164556962025,
                    498.10126582278474,
                    500.63291139240505,
                    490.50632911392404,
                    499.3670886075949,
                    489.873417721519,
                    403.79746835443035,
                    449.36708860759495,
                    306.3291139240506,
                    433.5443037974683,
                    307.59493670886076,
                    439.873417721519,
                    396.83544303797464,
                    96.20253164556962,
                    405.69620253164555,
                    95.56962025316454,
                    315.1898734177215
                ]
            ],
            "category_id": 1,
            "id": 13,
            "area": 480000
        },
        {
            "iscrowd": 0,
            "image_id": 11,
            "bbox": [
                306.0,
                423.0,
                247.0,
                101.0
            ],
            "segmentation": [
                [
                    330.37974683544303,
                    423.4177215189873,
                    529.1139240506329,
                    423.4177215189873,
                    531.6455696202531,
                    437.34177215189874,
                    534.1772151898734,
                    441.77215189873414,
                    533.5443037974683,
                    458.2278481012658,
                    534.8101265822785,
                    479.1139240506329,
                    536.0759493670886,
                    504.4303797468354,
                    551.8987341772151,
                    506.96202531645565,
                    553.1645569620252,
                    524.6835443037975,
                    308.2278481012658,
                    519.620253164557,
                    306.3291139240506,
                    505.0632911392405,
                    322.1518987341772,
                    505.0632911392405,
                    324.05063291139237,
                    481.0126582278481,
                    324.05063291139237,
                    475.3164556962025,
                    324.05063291139237,
                    456.96202531645565,
                    326.5822784810126,
                    436.70886075949363
                ]
            ],
            "category_id": 1,
            "id": 14,
            "area": 480000
        },
        {
            "iscrowd": 0,
            "image_id": 12,
            "bbox": [
                0.0,
                289.0,
                768.0,
                309.0
            ],
            "segmentation": [
                [
                    430.37974683544303,
                    289.2405063291139,
                    303.79746835443035,
                    291.77215189873414,
                    300.63291139240505,
                    325.9493670886076,
                    221.51898734177212,
                    336.0759493670886,
                    221.51898734177212,
                    353.79746835443035,
                    0.0,
                    378.0,
                    1.2658227848101262,
                    477.2151898734177,
                    505.0632911392405,
                    596.8354430379746,
                    589.873417721519,
                    598.1012658227847,
                    768.9873417721518,
                    525.3164556962025,
                    761.3924050632911,
                    492.40506329113924,
                    623.4177215189873,
                    470.88607594936707,
                    622.1518987341772,
                    441.1392405063291,
                    522.7848101265822,
                    428.4810126582278,
                    515.1898734177215,
                    398.1012658227848,
                    510.75949367088606,
                    358.2278481012658,
                    590.506329113924,
                    339.873417721519,
                    591.7721518987341,
                    322.7848101265823,
                    431.6455696202531,
                    313.92405063291136
                ]
            ],
            "category_id": 1,
            "id": 15,
            "area": 480000
        },
        {
            "iscrowd": 0,
            "image_id": 13,
            "bbox": [
                327.0,
                312.0,
                145.0,
                120.0
            ],
            "segmentation": [
                [
                    346.83544303797464,
                    313.92405063291136,
                    346.2025316455696,
                    369.62025316455697,
                    447.4683544303797,
                    371.5189873417721,
                    449.36708860759495,
                    312.65822784810126,
                    461.3924050632911,
                    312.65822784810126,
                    466.4556962025316,
                    334.1772151898734,
                    467.08860759493666,
                    412.02531645569616,
                    472.7848101265822,
                    413.2911392405063,
                    472.15189873417717,
                    432.9113924050633,
                    327.2151898734177,
                    429.1139240506329,
                    327.2151898734177,
                    409.4936708860759,
                    332.27848101265823,
                    400.63291139240505,
                    332.27848101265823,
                    331.6455696202531,
                    338.60759493670884,
                    312.0253164556962
                ]
            ],
            "category_id": 1,
            "id": 16,
            "area": 480000
        },
        {
            "iscrowd": 0,
            "image_id": 14,
            "bbox": [
                315.0,
                365.0,
                144.0,
                56.0
            ],
            "segmentation": [
                [
                    324.6835443037975,
                    365.82278481012656,
                    318.98734177215186,
                    379.746835443038,
                    319.62025316455697,
                    389.2405063291139,
                    317.72151898734177,
                    400.0,
                    315.82278481012656,
                    409.4936708860759,
                    315.82278481012656,
                    421.5189873417721,
                    457.5949367088607,
                    420.253164556962,
                    459.49367088607596,
                    409.4936708860759,
                    458.22784810126575,
                    396.2025316455696,
                    455.69620253164555,
                    378.4810126582278,
                    453.7974683544304,
                    368.98734177215186,
                    455.0632911392405,
                    365.82278481012656
                ]
            ],
            "category_id": 1,
            "id": 17,
            "area": 480000
        },
        {
            "iscrowd": 0,
            "image_id": 15,
            "bbox": [
                350.0,
                517.0,
                120.0,
                41.0
            ],
            "segmentation": [
                [
                    351.89873417721515,
                    517.7215189873417,
                    455.0632911392405,
                    518.3544303797468,
                    454.43037974683546,
                    528.4810126582278,
                    461.3924050632911,
                    529.1139240506329,
                    462.6582278481012,
                    541.1392405063291,
                    470.253164556962,
                    541.7721518987341,
                    470.253164556962,
                    557.5949367088607,
                    374.6835443037974,
                    558.8607594936709,
                    350.0,
                    555.0632911392405
                ]
            ],
            "category_id": 1,
            "id": 18,
            "area": 480000
        },
        {
            "iscrowd": 0,
            "image_id": 16,
            "bbox": [
                151.0,
                376.0,
                101.0,
                53.0
            ],
            "segmentation": [
                [
                    222.78481012658227,
                    376.5822784810126,
                    181.01265822784808,
                    379.1139240506329,
                    177.84810126582278,
                    391.77215189873414,
                    166.4556962025316,
                    392.40506329113924,
                    165.82278481012656,
                    401.89873417721515,
                    151.89873417721518,
                    403.79746835443035,
                    151.26582278481013,
                    418.3544303797468,
                    174.68354430379748,
                    429.1139240506329,
                    251.89873417721515,
                    427.2151898734177,
                    252.53164556962025,
                    387.9746835443038
                ]
            ],
            "category_id": 1,
            "id": 19,
            "area": 480000
        },
        {
            "iscrowd": 0,
            "image_id": 17,
            "bbox": [
                352.0,
                367.0,
                127.0,
                72.0
            ],
            "segmentation": [
                [
                    473.41772151898726,
                    368.98734177215186,
                    387.9746835443038,
                    367.72151898734177,
                    380.37974683544303,
                    374.6835443037975,
                    382.27848101265823,
                    384.1772151898734,
                    365.1898734177215,
                    391.77215189873414,
                    367.72151898734177,
                    406.3291139240506,
                    352.53164556962025,
                    415.1898734177215,
                    354.4303797468354,
                    430.37974683544303,
                    441.1392405063291,
                    439.873417721519,
                    442.4050632911392,
                    422.1518987341772,
                    457.5949367088607,
                    414.5569620253164,
                    476.5822784810126,
                    404.4303797468354,
                    479.746835443038,
                    377.8481012658228
                ]
            ],
            "category_id": 1,
            "id": 20,
            "area": 480000
        },
        {
            "iscrowd": 0,
            "image_id": 18,
            "bbox": [
                34.0,
                412.0,
                411.0,
                129.0
            ],
            "segmentation": [
                [
                    108.86075949367088,
                    415.82278481012656,
                    110.75949367088606,
                    435.44303797468353,
                    89.87341772151899,
                    446.83544303797464,
                    87.34177215189874,
                    468.98734177215186,
                    63.92405063291139,
                    479.1139240506329,
                    63.92405063291139,
                    504.4303797468354,
                    34.810126582278485,
                    522.1518987341772,
                    35.443037974683534,
                    539.2405063291139,
                    445.56962025316454,
                    541.7721518987341,
                    444.9367088607595,
                    522.1518987341772,
                    441.1392405063291,
                    503.1645569620253,
                    441.1392405063291,
                    482.27848101265823,
                    436.70886075949363,
                    467.08860759493666,
                    439.873417721519,
                    446.83544303797464,
                    434.8101265822785,
                    434.8101265822785,
                    435.44303797468353,
                    412.65822784810126
                ]
            ],
            "category_id": 1,
            "id": 21,
            "area": 480000
        },
        {
            "iscrowd": 0,
            "image_id": 19,
            "bbox": [
                466.0,
                381.0,
                204.0,
                156.0
            ],
            "segmentation": [
                [
                    475.9493670886076,
                    387.34177215189874,
                    474.6835443037975,
                    468.98734177215186,
                    467.7215189873417,
                    468.98734177215186,
                    466.4556962025316,
                    510.126582278481,
                    529.1139240506329,
                    537.3417721518987,
                    670.8860759493671,
                    521.5189873417721,
                    668.3544303797468,
                    436.0759493670886,
                    593.6708860759493,
                    381.6455696202531,
                    589.2405063291139,
                    388.60759493670884,
                    589.873417721519,
                    451.89873417721515,
                    546.2025316455696,
                    456.3291139240506,
                    553.7974683544304,
                    447.46835443037975
                ]
            ],
            "category_id": 1,
            "id": 22,
            "area": 480000
        },
        {
            "iscrowd": 0,
            "image_id": 20,
            "bbox": [
                103.0,
                29.0,
                603.0,
                557.0
            ],
            "segmentation": [
                [
                    116.45569620253164,
                    89.87341772151899,
                    163.2911392405063,
                    81.01265822784809,
                    164.55696202531647,
                    58.22784810126582,
                    150.0,
                    42.405063291139236,
                    162.65822784810126,
                    32.91139240506329,
                    218.98734177215186,
                    29.746835443037973,
                    222.15189873417722,
                    36.075949367088604,
                    232.91139240506328,
                    37.974683544303794,
                    232.27848101265823,
                    44.936708860759495,
                    222.78481012658227,
                    55.063291139240505,
                    222.78481012658227,
                    84.81012658227847,
                    365.82278481012656,
                    234.1772151898734,
                    406.3291139240506,
                    225.94936708860757,
                    432.9113924050632,
                    228.48101265822783,
                    462.6582278481012,
                    222.78481012658227,
                    427.21518987341767,
                    219.62025316455694,
                    432.2784810126582,
                    209.49367088607593,
                    434.8101265822785,
                    179.1139240506329,
                    435.44303797468353,
                    177.84810126582278,
                    436.0759493670886,
                    76.58227848101265,
                    425.9493670886076,
                    63.92405063291139,
                    436.70886075949363,
                    56.32911392405063,
                    479.11392405063293,
                    55.063291139240505,
                    478.48101265822777,
                    60.12658227848101,
                    489.873417721519,
                    60.12658227848101,
                    489.873417721519,
                    67.0886075949367,
                    480.37974683544303,
                    75.31645569620252,
                    479.746835443038,
                    93.0379746835443,
                    629.1139240506329,
                    210.126582278481,
                    638.6075949367088,
                    206.32911392405063,
                    643.6708860759493,
                    201.89873417721518,
                    661.3924050632911,
                    199.36708860759492,
                    689.2405063291139,
                    200.63291139240505,
                    692.4050632911392,
                    206.32911392405063,
                    704.4303797468355,
                    209.49367088607593,
                    705.0632911392405,
                    213.2911392405063,
                    691.7721518987341,
                    224.68354430379745,
                    685.4430379746835,
                    361.3924050632911,
                    686.7088607594936,
                    363.92405063291136,
                    687.9746835443037,
                    398.1012658227848,
                    705.6962025316456,
                    403.1645569620253,
                    706.9620253164557,
                    409.4936708860759,
                    696.8354430379746,
                    415.1898734177215,
                    694.3037974683544,
                    438.60759493670884,
                    420.88607594936707,
                    586.0759493670886,
                    345.56962025316454,
                    544.3037974683544,
                    342.40506329113924,
                    522.7848101265822,
                    314.5569620253164,
                    508.2278481012658,
                    334.1772151898734,
                    482.9113924050633,
                    334.1772151898734,
                    472.15189873417717,
                    303.1645569620253,
                    453.79746835443035,
                    286.0759493670886,
                    419.62025316455697,
                    278.4810126582278,
                    395.56962025316454,
                    267.0886075949367,
                    420.253164556962,
                    246.83544303797464,
                    419.62025316455697,
                    233.54430379746833,
                    412.65822784810126,
                    223.41772151898732,
                    408.86075949367086,
                    217.08860759493672,
                    418.3544303797468,
                    205.69620253164555,
                    418.3544303797468,
                    196.83544303797464,
                    416.4556962025316,
                    189.873417721519,
                    419.62025316455697,
                    186.07594936708858,
                    429.1139240506329,
                    181.01265822784808,
                    432.9113924050633,
                    117.08860759493669,
                    395.56962025316454,
                    103.1645569620253,
                    238.60759493670886,
                    118.9873417721519,
                    234.81012658227846,
                    165.18987341772151,
                    230.37974683544303,
                    168.35443037974682,
                    216.45569620253164,
                    125.94936708860757,
                    210.126582278481
                ]
            ],
            "category_id": 1,
            "id": 23,
            "area": 480000
        },
        {
            "iscrowd": 0,
            "image_id": 21,
            "bbox": [
                394.0,
                407.0,
                96.0,
                35.0
            ],
            "segmentation": [
                [
                    407.59493670886076,
                    407.59493670886076,
                    396.2025316455696,
                    410.126582278481,
                    395.56962025316454,
                    418.3544303797468,
                    394.3037974683544,
                    441.77215189873414,
                    490.50632911392404,
                    442.40506329113924,
                    489.873417721519,
                    421.5189873417721,
                    487.3417721518987,
                    421.5189873417721,
                    487.3417721518987,
                    408.86075949367086
                ]
            ],
            "category_id": 1,
            "id": 24,
            "area": 480000
        },
        {
            "iscrowd": 0,
            "image_id": 22,
            "bbox": [
                0.0,
                437.0,
                75.0,
                49.0
            ],
            "segmentation": [
                [
                    75.31645569620252,
                    437.34177215189874,
                    74.0506329113924,
                    467.08860759493666,
                    20.886075949367083,
                    486.0759493670886,
                    0.6329113924050631,
                    486.0759493670886,
                    2.5316455696202524,
                    442.40506329113924,
                    19.620253164556956,
                    437.9746835443038
                ]
            ],
            "category_id": 1,
            "id": 25,
            "area": 480000
        },
        {
            "iscrowd": 0,
            "image_id": 22,
            "bbox": [
                215.0,
                422.0,
                150.0,
                54.0
            ],
            "segmentation": [
                [
                    244.3037974683544,
                    424.6835443037975,
                    233.54430379746833,
                    428.4810126582278,
                    230.37974683544303,
                    442.40506329113924,
                    225.94936708860757,
                    448.1012658227848,
                    225.31645569620252,
                    456.96202531645565,
                    220.88607594936707,
                    463.92405063291136,
                    215.18987341772151,
                    476.5822784810126,
                    338.60759493670884,
                    474.6835443037974,
                    348.1012658227848,
                    457.59493670886076,
                    365.82278481012656,
                    454.4303797468354,
                    363.2911392405063,
                    443.0379746835443,
                    363.92405063291136,
                    422.7848101265823
                ]
            ],
            "category_id": 1,
            "id": 26,
            "area": 480000
        },
        {
            "iscrowd": 0,
            "image_id": 22,
            "bbox": [
                662.0,
                399.0,
                137.0,
                53.0
            ],
            "segmentation": [
                [
                    662.0253164556962,
                    403.1645569620253,
                    775.3164556962025,
                    399.3670886075949,
                    791.1392405063291,
                    401.89873417721515,
                    791.7721518987341,
                    412.02531645569616,
                    799.0,
                    414.0,
                    799.0,
                    445.0,
                    783.5443037974683,
                    417.72151898734177,
                    774.6835443037975,
                    419.62025316455697,
                    774.6835443037975,
                    448.1012658227848,
                    712.0253164556962,
                    452.53164556962025,
                    663.2911392405063,
                    438.60759493670884
                ]
            ],
            "category_id": 1,
            "id": 27,
            "area": 480000
        },
        {
            "iscrowd": 0,
            "image_id": 23,
            "bbox": [
                298.0,
                253.0,
                352.0,
                172.0
            ],
            "segmentation": [
                [
                    400.63291139240505,
                    358.86075949367086,
                    355.69620253164555,
                    363.2911392405063,
                    356.96202531645565,
                    381.0126582278481,
                    330.37974683544303,
                    382.9113924050633,
                    329.746835443038,
                    390.50632911392404,
                    334.1772151898734,
                    390.50632911392404,
                    334.8101265822785,
                    401.2658227848101,
                    309.4936708860759,
                    401.89873417721515,
                    303.79746835443035,
                    405.0632911392405,
                    308.2278481012658,
                    407.59493670886076,
                    308.2278481012658,
                    413.2911392405063,
                    298.1012658227848,
                    420.88607594936707,
                    544.9367088607595,
                    425.3164556962025,
                    555.6962025316456,
                    424.6835443037975,
                    562.6582278481012,
                    424.6835443037975,
                    644.3037974683544,
                    419.62025316455697,
                    645.5696202531645,
                    359.49367088607596,
                    650.632911392405,
                    253.79746835443038,
                    599.367088607595,
                    254.43037974683543,
                    532.9113924050632,
                    306.3291139240506,
                    533.5443037974683,
                    315.1898734177215,
                    543.6708860759493,
                    324.05063291139237,
                    550.0,
                    324.6835443037975,
                    552.5316455696202,
                    362.65822784810126
                ]
            ],
            "category_id": 1,
            "id": 28,
            "area": 480000
        },
        {
            "iscrowd": 0,
            "image_id": 24,
            "bbox": [
                199.0,
                376.0,
                124.0,
                111.0
            ],
            "segmentation": [
                [
                    259.49367088607596,
                    378.4810126582278,
                    199.36708860759495,
                    431.0126582278481,
                    199.36708860759495,
                    482.27848101265823,
                    280.37974683544303,
                    487.34177215189874,
                    322.7848101265823,
                    439.873417721519,
                    323.4177215189873,
                    388.60759493670884,
                    296.83544303797464,
                    418.98734177215186,
                    265.82278481012656,
                    417.0886075949367,
                    266.4556962025316,
                    376.5822784810126
                ]
            ],
            "category_id": 1,
            "id": 29,
            "area": 480000
        },
        {
            "iscrowd": 0,
            "image_id": 25,
            "bbox": [
                424.0,
                400.0,
                215.0,
                95.0
            ],
            "segmentation": [
                [
                    424.0506329113924,
                    400.0,
                    595.5696202531645,
                    400.0,
                    596.8354430379746,
                    423.4177215189873,
                    609.493670886076,
                    431.0126582278481,
                    610.126582278481,
                    451.2658227848101,
                    622.1518987341772,
                    461.3924050632911,
                    622.7848101265822,
                    481.6455696202531,
                    639.2405063291139,
                    494.3037974683544,
                    435.44303797468353,
                    495.56962025316454,
                    431.6455696202531,
                    481.0126582278481,
                    426.5822784810126,
                    456.3291139240506
                ]
            ],
            "category_id": 1,
            "id": 30,
            "area": 480000
        },
        {
            "iscrowd": 0,
            "image_id": 26,
            "bbox": [
                138.0,
                225.0,
                527.0,
                226.0
            ],
            "segmentation": [
                [
                    160.126582278481,
                    225.94936708860757,
                    240.50632911392404,
                    263.2911392405063,
                    279.746835443038,
                    229.74683544303795,
                    312.65822784810126,
                    267.0886075949367,
                    305.69620253164555,
                    342.40506329113924,
                    474.6835443037975,
                    328.4810126582278,
                    472.15189873417717,
                    234.81012658227846,
                    487.3417721518987,
                    233.54430379746833,
                    600.632911392405,
                    263.92405063291136,
                    625.3164556962025,
                    234.81012658227846,
                    650.0,
                    258.86075949367086,
                    653.1645569620252,
                    374.05063291139237,
                    665.1898734177215,
                    378.4810126582278,
                    665.1898734177215,
                    387.34177215189874,
                    312.65822784810126,
                    451.89873417721515,
                    322.1518987341772,
                    400.63291139240505,
                    361.3924050632911,
                    370.253164556962,
                    316.4556962025316,
                    350.0,
                    302.53164556962025,
                    360.126582278481,
                    301.2658227848101,
                    352.53164556962025,
                    219.62025316455697,
                    332.9113924050633,
                    215.18987341772151,
                    351.89873417721515,
                    201.2658227848101,
                    346.83544303797464,
                    193.0379746835443,
                    356.9620253164557,
                    172.78481012658227,
                    349.3670886075949,
                    143.0379746835443,
                    334.1772151898734,
                    138.60759493670886,
                    227.2151898734177
                ]
            ],
            "category_id": 1,
            "id": 31,
            "area": 480000
        },
        {
            "iscrowd": 0,
            "image_id": 27,
            "bbox": [
                196.0,
                421.0,
                198.0,
                177.0
            ],
            "segmentation": [
                [
                    261.4213197969543,
                    503.0456852791878,
                    261.92893401015226,
                    422.33502538071065,
                    197.46192893401016,
                    520.8121827411168,
                    196.9543147208122,
                    598.9847715736041,
                    375.6345177664975,
                    598.9847715736041,
                    393.4010152284264,
                    595.4314720812183,
                    394.9238578680203,
                    506.0913705583756,
                    387.8172588832487,
                    504.06091370558374,
                    386.8020304568528,
                    421.8274111675127,
                    382.2335025380711,
                    423.3502538071066,
                    356.34517766497464,
                    504.06091370558374
                ]
            ],
            "category_id": 1,
            "id": 32,
            "area": 480000
        },
        {
            "iscrowd": 0,
            "image_id": 28,
            "bbox": [
                62.0,
                217.0,
                560.0,
                333.0
            ],
            "segmentation": [
                [
                    404.4303797468354,
                    231.64556962025316,
                    287.34177215189874,
                    279.1139240506329,
                    264.55696202531647,
                    281.0126582278481,
                    258.86075949367086,
                    284.8101265822785,
                    262.65822784810126,
                    287.34177215189874,
                    113.92405063291139,
                    334.8101265822785,
                    102.53164556962025,
                    331.0126582278481,
                    92.40506329113924,
                    330.37974683544303,
                    83.54430379746836,
                    332.9113924050633,
                    75.31645569620252,
                    336.0759493670886,
                    78.48101265822785,
                    343.0379746835443,
                    75.31645569620252,
                    431.6455696202531,
                    63.92405063291139,
                    435.44303797468353,
                    62.65822784810126,
                    447.46835443037975,
                    616.4556962025316,
                    550.0,
                    615.1898734177215,
                    530.379746835443,
                    622.1518987341772,
                    529.746835443038,
                    606.3291139240506,
                    487.34177215189874,
                    606.3291139240506,
                    468.3544303797468,
                    594.3037974683544,
                    450.0,
                    593.0379746835442,
                    348.73417721518985,
                    616.4556962025316,
                    275.3164556962025,
                    606.9620253164557,
                    272.7848101265823,
                    607.5949367088607,
                    217.0886075949367,
                    586.0759493670886,
                    220.25316455696202,
                    543.0379746835442,
                    270.253164556962,
                    525.9493670886076,
                    275.3164556962025,
                    415.82278481012656,
                    279.1139240506329,
                    420.88607594936707,
                    235.44303797468353
                ]
            ],
            "category_id": 1,
            "id": 33,
            "area": 480000
        },
        {
            "iscrowd": 0,
            "image_id": 29,
            "bbox": [
                448.0,
                359.0,
                124.0,
                139.0
            ],
            "segmentation": [
                [
                    467.7215189873417,
                    361.3924050632911,
                    448.7341772151899,
                    424.05063291139237,
                    453.16455696202524,
                    481.6455696202531,
                    453.16455696202524,
                    498.1012658227848,
                    568.9873417721519,
                    498.1012658227848,
                    568.9873417721519,
                    481.0126582278481,
                    572.7848101265822,
                    420.253164556962,
                    571.5189873417721,
                    359.49367088607596,
                    563.2911392405063,
                    359.49367088607596,
                    555.0632911392405,
                    418.3544303797468,
                    474.0506329113924,
                    420.253164556962,
                    475.3164556962025,
                    360.75949367088606
                ]
            ],
            "category_id": 1,
            "id": 34,
            "area": 480000
        },
        {
            "iscrowd": 0,
            "image_id": 30,
            "bbox": [
                184.0,
                318.0,
                167.0,
                138.0
            ],
            "segmentation": [
                [
                    193.0379746835443,
                    323.4177215189873,
                    203.79746835443035,
                    322.1518987341772,
                    203.79746835443035,
                    318.3544303797468,
                    210.126582278481,
                    318.3544303797468,
                    209.49367088607596,
                    327.2151898734177,
                    226.58227848101262,
                    344.3037974683544,
                    232.27848101265823,
                    344.3037974683544,
                    236.07594936708858,
                    345.56962025316454,
                    236.07594936708858,
                    385.44303797468353,
                    269.62025316455697,
                    384.1772151898734,
                    268.3544303797468,
                    325.9493670886076,
                    274.05063291139237,
                    327.2151898734177,
                    273.4177215189873,
                    329.746835443038,
                    282.27848101265823,
                    329.746835443038,
                    286.0759493670886,
                    324.6835443037975,
                    290.50632911392404,
                    328.4810126582278,
                    289.873417721519,
                    333.54430379746833,
                    305.0632911392405,
                    344.3037974683544,
                    310.126582278481,
                    346.2025316455696,
                    313.92405063291136,
                    346.83544303797464,
                    312.65822784810126,
                    408.86075949367086,
                    320.88607594936707,
                    408.2278481012658,
                    323.4177215189873,
                    418.98734177215186,
                    331.6455696202531,
                    420.253164556962,
                    334.1772151898734,
                    431.0126582278481,
                    351.2658227848101,
                    432.27848101265823,
                    351.2658227848101,
                    444.9367088607595,
                    244.3037974683544,
                    456.96202531645565,
                    184.17721518987338,
                    445.56962025316454,
                    186.70886075949363,
                    436.0759493670886,
                    189.24050632911388,
                    423.4177215189873
                ]
            ],
            "category_id": 1,
            "id": 35,
            "area": 480000
        },
        {
            "iscrowd": 0,
            "image_id": 31,
            "bbox": [
                158.0,
                419.0,
                356.0,
                121.0
            ],
            "segmentation": [
                [
                    230.37974683544303,
                    419.62025316455697,
                    209.49367088607596,
                    425.3164556962025,
                    213.2911392405063,
                    444.3037974683544,
                    198.73417721518985,
                    452.53164556962025,
                    201.2658227848101,
                    472.7848101265823,
                    184.17721518987338,
                    483.54430379746833,
                    182.91139240506328,
                    505.0632911392405,
                    158.86075949367086,
                    515.8227848101266,
                    158.2278481012658,
                    534.1772151898734,
                    513.9240506329114,
                    540.506329113924,
                    514.5569620253165,
                    518.3544303797468,
                    492.4050632911392,
                    472.7848101265823,
                    460.75949367088606,
                    469.6202531645569,
                    456.3291139240506,
                    456.3291139240506,
                    415.1898734177215,
                    456.3291139240506,
                    415.82278481012656,
                    437.34177215189874,
                    377.8481012658228,
                    436.70886075949363,
                    376.5822784810126,
                    420.88607594936707
                ]
            ],
            "category_id": 1,
            "id": 36,
            "area": 480000
        },
        {
            "iscrowd": 0,
            "image_id": 32,
            "bbox": [
                147.0,
                282.0,
                439.0,
                247.0
            ],
            "segmentation": [
                [
                    279.1139240506329,
                    289.873417721519,
                    264.55696202531647,
                    401.2658227848101,
                    586.0759493670886,
                    413.92405063291136,
                    582.2784810126582,
                    485.44303797468353,
                    544.3037974683544,
                    474.05063291139237,
                    538.6075949367088,
                    481.0126582278481,
                    539.873417721519,
                    494.3037974683544,
                    557.5949367088607,
                    498.73417721518985,
                    574.0506329113924,
                    496.83544303797464,
                    581.0126582278481,
                    508.86075949367086,
                    506.96202531645565,
                    529.1139240506329,
                    499.36708860759495,
                    522.7848101265822,
                    147.46835443037975,
                    503.79746835443035,
                    151.26582278481013,
                    487.9746835443038,
                    168.35443037974682,
                    381.6455696202531,
                    151.26582278481013,
                    374.6835443037975,
                    153.1645569620253,
                    359.49367088607596,
                    159.49367088607596,
                    344.9367088607595,
                    234.17721518987338,
                    284.1772151898734,
                    281.6455696202531,
                    282.9113924050633
                ]
            ],
            "category_id": 1,
            "id": 37,
            "area": 480000
        },
        {
            "iscrowd": 0,
            "image_id": 33,
            "bbox": [
                0.0,
                237.0,
                623.0,
                360.0
            ],
            "segmentation": [
                [
                    218.98734177215186,
                    237.9746835443038,
                    458.8607594936709,
                    291.77215189873414,
                    477.8481012658227,
                    280.37974683544303,
                    491.77215189873414,
                    283.54430379746833,
                    498.7341772151899,
                    267.0886075949367,
                    501.89873417721515,
                    258.86075949367086,
                    510.75949367088606,
                    246.20253164556962,
                    529.746835443038,
                    247.46835443037975,
                    540.506329113924,
                    256.9620253164557,
                    538.6075949367088,
                    266.4556962025316,
                    542.4050632911392,
                    269.62025316455697,
                    546.2025316455696,
                    281.0126582278481,
                    573.4177215189873,
                    287.34177215189874,
                    575.3164556962025,
                    300.0,
                    560.126582278481,
                    306.9620253164557,
                    558.8607594936709,
                    462.65822784810126,
                    566.4556962025316,
                    466.4556962025316,
                    572.1518987341772,
                    506.3291139240506,
                    623.4177215189873,
                    514.5569620253165,
                    623.4177215189873,
                    518.9873417721519,
                    604.4303797468355,
                    525.3164556962025,
                    604.4303797468355,
                    538.6075949367089,
                    375.9493670886076,
                    597.4683544303797,
                    0.0,
                    595.0,
                    0.0,
                    453.1645569620253,
                    286.0759493670886,
                    420.253164556962,
                    212.0253164556962,
                    393.67088607594934,
                    210.75949367088606,
                    377.2151898734177
                ]
            ],
            "category_id": 1,
            "id": 38,
            "area": 480000
        }
    ]
}